{"cameraMode":{"drawMode":0,"name":"Shaded","section":"Shading Mode"},"sceneLighting":false,"audioPlay":false,"sceneViewState":{"m_AlwaysRefresh":false,"showFog":true,"showSkybox":false,"showFlares":true,"showImageEffects":true,"showParticleSystems":true,"showVisualEffectGraphs":true,"m_FxEnabled":true},"in2DMode":false,"pivot":{"x":-1.259334683418274,"y":8.334733963012696,"z":-9.394577026367188},"rotation":{"x":0.22034764289855958,"y":0.06347838044166565,"z":-0.01426507718861103,"w":0.9734002947807312},"size":0.000017320508050033823,"orthographic":false}